injury_cause_code,injury_cause,,,,,,,,,,,,
1.0.0,VIOLENT ACTS,,,,,,,,,,,,
1.0.1,Violent acts— unspecified,,,,,,,,,,,,
1.1.0,Violent acts by other person,,,,,,,,,,,,
1.1.1,Violent acts by other person— unspecified,,,,,,,,,,,,
1.1.2,Shooting by other person,,,,,,,,,,,,
1.1.3,"Stabbing, cutting, slashing by other person",,,,,,,,,,,,
1.1.4,"Strangulation, asphyxiation by other person",,,,,,,,,,,,
1.2.0,"Hitting, kicking, beating by other person",,,,,,,,,,,,
1.2.1,"Hitting, kicking, beating by other person— unspecified",,,,,,,,,,,,
1.2.2,"Hitting, kicking, beating by other person while providing protective services",,,,,,,,,,,,
1.2.3,"Hitting, kicking, beating by other person while providing medical or custodial care",,,,,,,,,,,,
1.2.4,"Hitting, kicking, beating by other person— n.e.c.",,,,,,,,,,,,
1.2.5,"Bombing, arson by other person",,,,,,,,,,,,
1.2.6,"Rape, sexual assault by other person",,,,,,,,,,,,
1.2.7,"Threat, harassment by other person",,,,,,,,,,,,
1.2.8,Multiple violent acts by other person,,,,,,,,,,,,
1.2.9,Intentional violence by other person— n.e.c.,,,,,,,,,,,,
1.3.0,Intentional self-harm,,,,,,,,,,,,
1.3.1,Intentional self-harm— unspecified,,,,,,,,,,,,
1.3.2,Intentional self-harm— shooting,,,,,,,,,,,,
1.3.3,"Intentional self-harm— hanging, strangulation, asphyxiation",,,,,,,,,,,,
1.3.4,"Intentional self-harm— jump from building, structure",,,,,,,,,,,,
1.3.5,"Intentional self-harm— cutting, stabbing",,,,,,,,,,,,
1.3.6,"Intentional self-harm— poisoning, drug overdose",,,,,,,,,,,,
1.3.7,Intentional self-harm— n.e.c.,,,,,,,,,,,,
1.3.8,Witnessing a violent act,,,,,,,,,,,,
2.0.0,TRANSPORTATION INCIDENTS ,,,,,,,,,,,,
2.0.1,Transportation incidents— unspecified,,,,,,,,,,,,
2.1.0,Aircraft incidents,,,,,,,,,,,,
2.1.1,Aircraft incidents— unspecified,,,,,,,,,,,,
2.1.2,Non-passenger struck by aircraft ,,,,,,,,,,,,
2.2.0,Aircraft crash during takeoff or landing,,,,,,,,,,,,
2.2.1,Aircraft crash during takeoff or landing— unspecified,,,,,,,,,,,,
2.2.2,Aircraft crash during takeoff or landing due to mechanical failure,,,,,,,,,,,,
2.2.3,Aircraft crash during takeoff or landing between air vehicles,,,,,,,,,,,,
2.2.4,"Aircraft crash during takeoff or landing into structure, object, or ground",,,,,,,,,,,,
2.2.5,Aircraft crash during takeoff or landing— n.e.c.,,,,,,,,,,,,
2.3.0,"In-flight crash, collision",,,,,,,,,,,,
2.3.1,In-flight crash— unspecified,,,,,,,,,,,,
2.3.2,In-flight crash due to mechanical failure,,,,,,,,,,,,
2.3.3,In-flight collision between air vehicles,,,,,,,,,,,,
2.3.4,Low altitude entanglement,,,,,,,,,,,,
2.3.5,"In-flight crash, collision into structure, object, ground— n.e.c.",,,,,,,,,,,,
2.4.0,Incidents onboard aircraft in normal operation,,,,,,,,,,,,
2.4.1,Incidents onboard aircraft in normal operation— unspecified,,,,,,,,,,,,
2.4.2,"Fires, explosions onboard aircraft in normal operation",,,,,,,,,,,,
2.4.3,"Fall, contact incident onboard aircraft in normal operation",,,,,,,,,,,,
2.4.4,Exposure incident onboard aircraft in normal operation,,,,,,,,,,,,
2.4.5,Overexertion incidents onboard aircraft in normal operation,,,,,,,,,,,,
2.4.6,Parachuting and nonpowered aircraft incidents ,,,,,,,,,,,,
2.4.7,Other aircraft incident— n.e.c.,,,,,,,,,,,,
2.5.0,Water vehicle incidents,,,,,,,,,,,,
2.5.1,Water vehicle incidents— unspecified,,,,,,,,,,,,
2.5.2,Non-passenger struck by water vehicle,,,,,,,,,,,,
2.6.0,Water vehicle collisions,,,,,,,,,,,,
2.6.1,Water vehicle collision— unspecified,,,,,,,,,,,,
2.6.2,Collision between water vehicles,,,,,,,,,,,,
2.6.3,Collision between water vehicle and object(s)— n.e.c.,,,,,,,,,,,,
2.6.4,Capsized or sinking water vehicle (non collision),,,,,,,,,,,,
2.7.0,Incidents onboard water vehicle in normal operation,,,,,,,,,,,,
2.7.1,Incidents onboard water vehicle in normal operation— unspecified,,,,,,,,,,,,
2.7.2,"Fires, explosions onboard water vehicle in normal operation",,,,,,,,,,,,
2.7.3,"Fall, jump from water vehicle",,,,,,,,,,,,
2.7.4,"Fall, jump from and struck by water vehicle",,,,,,,,,,,,
2.7.5,"Fall, contact incident onboard water vehicle",,,,,,,,,,,,
2.7.6,Exposure incident onboard water vehicle in normal operation,,,,,,,,,,,,
2.7.7,Overexertion incidents onboard water vehicle in normal operation,,,,,,,,,,,,
2.7.8,Other water vehicle incident n.e.c.,,,,,,,,,,,,
2.8.0,Rail vehicle incidents,,,,,,,,,,,,
2.8.1,Rail vehicle incident— unspecified,,,,,,,,,,,,
2.8.2,Non-passenger struck by rail vehicle,,,,,,,,,,,,
2.9.0,Rail vehicle collisions ,,,,,,,,,,,,
2.9.1,Rail vehicle collision— unspecified,,,,,,,,,,,,
2.9.2,Collision between rail vehicles,,,,,,,,,,,,
2.9.3,Collision between rail and roadway vehicles,,,,,,,,,,,,
2.9.4,Collision between rail vehicle and object(s)— n.e.c.,,,,,,,,,,,,
2.9.5,Non-collision derailment,,,,,,,,,,,,
2.10.0,Incidents onboard rail vehicle in normal operation,,,,,,,,,,,,
2.10.1,Incident onboard rail vehicle in normal operation— unspecified,,,,,,,,,,,,
2.10.2,"Fire, explosion onboard rail vehicles in normal operation",,,,,,,,,,,,
2.10.3,"Fall, jump from rail vehicle",,,,,,,,,,,,
2.10.4,"Fall, jump from and struck by rail vehicle",,,,,,,,,,,,
2.10.5,"Fall, contact incident onboard rail vehicle in normal operation",,,,,,,,,,,,
2.10.6,Exposure incident onboard rail vehicle in normal operation,,,,,,,,,,,,
2.10.7,Overexertion incidents onboard rail vehicle in normal operation,,,,,,,,,,,,
2.10.8,Incident onboard rail vehicles— n.e.c.,,,,,,,,,,,,
2.10.9,Other rail vehicle incident— n.e.c.,,,,,,,,,,,,
2.11.0,Non-motorized transport incidents,,,,,,,,,,,,
2.11.1,Non-motorized transport incident— unspecified,,,,,,,,,,,,
2.12.0,Animal transportation incidents,,,,,,,,,,,,
2.12.1,Animal transportation incidents— unspecified,,,,,,,,,,,,
2.12.2,Animal transportation collision in roadway,,,,,,,,,,,,
2.12.3,Animal transportation collision in nonroadway area,,,,,,,,,,,,
2.12.4,"Thrown, fell, or jumped from animal transportation",,,,,,,,,,,,
2.12.5,Animal transportation incident— n.e.c.,,,,,,,,,,,,
2.13.0,Pedal cycle incidents,,,,,,,,,,,,
2.13.1,Pedal cycle incidents— unspecified,,,,,,,,,,,,
2.13.2,Pedal cycle collision in roadway,,,,,,,,,,,,
2.13.3,Pedal cycle collision in nonroadway area,,,,,,,,,,,,
2.13.4,Fall from pedal cycle,,,,,,,,,,,,
2.13.5,Pedal cycle incident— n.e.c.,,,,,,,,,,,,
2.14.0,"Ski, snowboard, and sled incidents",,,,,,,,,,,,
2.14.1,"Ski, snowboard, and sled incidents— unspecified",,,,,,,,,,,,
2.14.2,"Collision on skis, snowboard, sled",,,,,,,,,,,,
2.14.3,"Struck, engulfed by falling object(s) on skis, snowboard, sled",,,,,,,,,,,,
2.14.4,"Fall from skis, snowboard, sled",,,,,,,,,,,,
2.14.5,"Ski, snowboard, and sled incidents— n.e.c.",,,,,,,,,,,,
2.14.6,Non-motorized transport incidents— n.e.c.,,,,,,,,,,,,
2.15.0,Pedestrian incidents involving motorized land vehicles,,,,,,,,,,,,
2.16.0,Pedestrian incidents involving motorized land vehicles— unspecified,,,,,,,,,,,,
2.16.1,Pedestrian struck by vehicle— unspecified,,,,,,,,,,,,
2.16.2,Pedestrian struck by vehicle or object propelled by another vehicle— location unspecified,,,,,,,,,,,,
2.16.3,Pedestrian struck by forward-moving vehicle— location unspecified,,,,,,,,,,,,
2.16.4,Pedestrian struck by vehicle backing up—location unspecified ,,,,,,,,,,,,
2.16.5,"Pedestrian struck by vehicle, location unspecified— n.e.c.",,,,,,,,,,,,
2.17.0,Pedestrian struck by vehicle in road work zone,,,,,,,,,,,,
2.17.1,Pedestrian struck by vehicle in road work zone— unspecified,,,,,,,,,,,,
2.17.2,Pedestrian struck by vehicle or object propelled by another vehicle in road work zone,,,,,,,,,,,,
2.17.3,Pedestrian struck by forward-moving vehicle in road work zone ,,,,,,,,,,,,
2.17.4,Pedestrian struck by vehicle backing up in road work zone ,,,,,,,,,,,,
2.17.5,Pedestrian struck by vehicle in road work zone— n.e.c.,,,,,,,,,,,,
2.18.0,Pedestrian struck by vehicle in roadway,,,,,,,,,,,,
2.18.1,Pedestrian struck by vehicle in roadway— unspecified,,,,,,,,,,,,
2.18.2,Pedestrian struck by vehicle or object propelled by another vehicle in roadway,,,,,,,,,,,,
2.18.3,Pedestrian struck by forward-moving vehicle in roadway,,,,,,,,,,,,
2.18.4,Pedestrian struck by vehicle backing up in roadway,,,,,,,,,,,,
2.18.5,Pedestrian struck by vehicle in roadway— n.e.c.,,,,,,,,,,,,
2.19.0,Pedestrian struck by vehicle in nonroadway area ,,,,,,,,,,,,
2.19.1,Pedestrian struck by vehicle in nonroadway area— unspecified,,,,,,,,,,,,
2.19.2,Pedestrian struck by vehicle or object propelled by another vehicle in nonroadway area,,,,,,,,,,,,
2.19.3,Pedestrian struck by forward-moving vehicle in nonroadway area,,,,,,,,,,,,
2.19.4,Pedestrian struck by vehicle backing up in nonroadway area,,,,,,,,,,,,
2.19.5,Pedestrian struck by vehicle in nonroadway area— n.e.c.,,,,,,,,,,,,
2.19.6,"Pedestrian incidents involving motorized land vehicles, n.e.c.",,,,,,,,,,,,
2.20.0,Roadway incidents involving motorized land vehicle,,,,,,,,,,,,
2.20.1,Roadway incidents involving motorized land vehicle— unspecified,,,,,,,,,,,,
2.21.0,Roadway collision with other vehicle(s),,,,,,,,,,,,
2.21.1,Roadway collision with other vehicle(s)— unspecified,,,,,,,,,,,,
2.21.2,"Roadway collision with other vehicle(s)—intersecting, turning",,,,,,,,,,,,
2.21.3,Roadway collision with other vehicle(s)—moving in same direction,,,,,,,,,,,,
2.21.4,"Roadway collision with other vehicle(s)—moving in opposite directions, oncoming",,,,,,,,,,,,
2.21.5,Roadway collision with other vehicle(s)—moving and standing vehicle ,,,,,,,,,,,,
2.21.6,Roadway collision with other vehicle— n.e.c.,,,,,,,,,,,,
2.22.0,Roadway collision with object other than vehicle,,,,,,,,,,,,
2.22.1,Roadway collision with object other than vehicle— unspecified,,,,,,,,,,,,
2.22.2,Vehicle struck by falling or flying object(s) in roadway,,,,,,,,,,,,
2.22.3,Collision with moving object or animal in roadway,,,,,,,,,,,,
2.22.4,Collision with stationary object in roadway,,,,,,,,,,,,
2.22.5,Collision with object or animal on side of roadway,,,,,,,,,,,,
2.22.6,Ran off roadway and struck object— n.e.c.,,,,,,,,,,,,
2.23.0,Roadway noncollision incident,,,,,,,,,,,,
2.23.1,Roadway noncollision incident— unspecified,,,,,,,,,,,,
2.23.2,Roadway noncollision— vehicle overturn,,,,,,,,,,,,
2.23.3,Roadway noncollision— fall or jump from and struck by moving vehicle,,,,,,,,,,,,
2.23.4,Roadway noncollision— fall or jump from moving vehicle,,,,,,,,,,,,
2.23.5,Roadway noncollision— fall on moving vehicle,,,,,,,,,,,,
2.23.6,"Roadway noncollision— struck by shifting, dislodged load in transport",,,,,,,,,,,,
2.23.7,Roadway noncollision— jack-knifed or ran off road,,,,,,,,,,,,
2.23.8,Roadway noncollision incident— n.e.c.,,,,,,,,,,,,
2.23.9,Roadway incident involving motorized land vehicle— n.e.c.,,,,,,,,,,,,
2.24.0,Nonroadway incidents involving motorized land vehicles,,,,,,,,,,,,
2.24.1,Nonroadway incident involving motorized land vehicle— unspecified,,,,,,,,,,,,
2.25.0,Nonroadway collision with other vehicle(s),,,,,,,,,,,,
2.25.1,Nonroadway collision with other vehicle(s)— unspecified,,,,,,,,,,,,
2.25.2,"Nonroadway collision with other vehicle(s)—intersecting, turning",,,,,,,,,,,,
2.25.3,Nonroadway collision with other vehicle(s)—moving in same direction,,,,,,,,,,,,
2.25.4,"Nonroadway collision with other vehicle(s)—moving in opposite directions, oncoming",,,,,,,,,,,,
2.25.5,Nonroadway collision with other vehicle(s)—moving and standing vehicle,,,,,,,,,,,,
2.25.6,Nonroadway collision with other vehicle(s)— n.e.c.,,,,,,,,,,,,
2.26.0,Nonroadway collision with object other than vehicle,,,,,,,,,,,,
2.26.1,Nonroadway collision with object or animal in path of travel— unspecified,,,,,,,,,,,,
2.26.2,"Vehicle struck by falling or flying object(s), nonroadway",,,,,,,,,,,,
2.26.3,"Collision with moving object or animal, nonroadway",,,,,,,,,,,,
2.26.4,"Collision with stationary object, nonroadway",,,,,,,,,,,,
2.26.5,Nonroadway collision with object or animal — n.e.c.,,,,,,,,,,,,
2.27.0,Nonroadway noncollision incident,,,,,,,,,,,,
2.27.1,Nonroadway noncollision incident— unspecified,,,,,,,,,,,,
2.27.2,Nonroadway noncollision— vehicle overturn,,,,,,,,,,,,
2.27.3,Nonroadway noncollision— fall or jump from and struck by moving vehicle,,,,,,,,,,,,
2.27.4,Nonroadway noncollision— fall or jump from moving vehicle,,,,,,,,,,,,
2.27.5,Nonroadway noncollision— fall on moving vehicle,,,,,,,,,,,,
2.27.6,"Nonroadway noncollision— Struck by shifting, dislodged load in transport",,,,,,,,,,,,
2.27.7,Nonroadway noncollision— jack-knifed or ran off driving surface,,,,,,,,,,,,
2.27.8,Nonroadway noncollision incident— n.e.c.,,,,,,,,,,,,
2.27.9,Nonroadway incident involving motorized land vehicle— n.e.c.,,,,,,,,,,,,
2.27.10,Transportation incidents— n.e.c.,,,,,,,,,,,,
3.0.0,EXPLOSIONS AND FIRES,,,,,,,,,,,,
3.0.1,Explosions and fires— unspecified,,,,,,,,,,,,
3.1.0,Explosions,,,,,,,,,,,,
3.1.1,Explosion— unspecified,,,,,,,,,,,,
3.1.2,Intentionally set explosion,,,,,,,,,,,,
3.1.3,Dust explosion,,,,,,,,,,,,
3.1.4,"Explosion of pressure vessel, piping, or tire",,,,,,,,,,,,
3.1.5,"Explosion of nonpressurized vapors, gases, or liquids ",,,,,,,,,,,,
3.1.6,Explosion— n.e.c.,,,,,,,,,,,,
3.2.0,Fires (without explosions) ,,,,,,,,,,,,
3.2.1,Fire— unspecified,,,,,,,,,,,,
3.2.2,Forest fire or wildfire,,,,,,,,,,,,
3.2.3,Structural fire with collapse,,,,,,,,,,,,
3.2.4,Structural fire without collapse,,,,,,,,,,,,
3.2.5,Vehicle or machinery fire ,,,,,,,,,,,,
3.2.6,"Fire— small-scale, limited ",,,,,,,,,,,,
3.2.7,Ignition of clothing,,,,,,,,,,,,
3.2.8,Flash fire,,,,,,,,,,,,
3.2.9,Nonstructural fire— n.e.c.,,,,,,,,,,,,
4.0.0,"FALLS, SLIPS, TRIPS",,,,,,,,,,,,
4.0.1,"Fall, slip, trip— unspecified ",,,,,,,,,,,,
4.1.0,Fall to lower level,,,,,,,,,,,,
4.1.1,Fall to lower level— unspecified,,,,,,,,,,,,
4.2.0,Fall to lower level from collapsing structure or equipment ,,,,,,,,,,,,
4.2.1,Fall to lower level from collapsing structure or equipment— unspecified,,,,,,,,,,,,
4.2.2,Fall to lower level from collapsing structure or equipment— less than 6 feet,,,,,,,,,,,,
4.2.3,Fall to lower level from collapsing structure or equipment— 6 to 30 feet,,,,,,,,,,,,
4.2.4,Fall to lower level from collapsing structure or equipment— more than 30 feet,,,,,,,,,,,,
4.3.0,Fall to lower level resulting from exposure or contact,,,,,,,,,,,,
4.3.1,Fall to lower level resulting from exposure or contact— unspecified,,,,,,,,,,,,
4.3.2,Fall to lower level resulting from exposure or contact— less than 6 feet,,,,,,,,,,,,
4.3.3,Fall to lower level resulting from exposure or contact— 6 to 30 feet,,,,,,,,,,,,
4.3.4,Fall to lower level resulting from exposure or contact— more than 30 feet,,,,,,,,,,,,
4.4.0,Fall to lower level resulting in exposure or contact ,,,,,,,,,,,,
4.4.1,Fall to lower level resulting in exposure or contact— unspecified,,,,,,,,,,,,
4.4.2,Fall to lower level resulting in exposure or contact— less than 6 feet,,,,,,,,,,,,
4.4.3,Fall to lower level resulting in exposure or contact— 6 to 30 feet,,,,,,,,,,,,
4.4.4,Fall to lower level resulting in exposure or contact— more than 30 feet,,,,,,,,,,,,
4.5.0,Other fall to lower level,,,,,,,,,,,,
4.5.1,Other fall to lower level— unspecified,,,,,,,,,,,,
4.5.2,Other fall to lower level— less than 6 feet,,,,,,,,,,,,
4.5.3,Other fall to lower level— 6 to 30 feet,,,,,,,,,,,,
4.5.4,Other fall to lower level— more than 30 feet,,,,,,,,,,,,
4.5.5,Fall to lower level— caught self or curtailed,,,,,,,,,,,,
4.5.6,"Slip, trip, stumble while stepping between levels",,,,,,,,,,,,
4.6.0,"Slip, trip, stumble or fall on same level",,,,,,,,,,,,
4.6.1,"Slip, trip, stumble or fall on same level— fall unspecified",,,,,,,,,,,,
4.6.2,Fall on same level,,,,,,,,,,,,
4.6.3,Fall on same level— unspecified,,,,,,,,,,,,
4.6.4,Fall on same level resulting in exposure or contact ,,,,,,,,,,,,
4.6.5,Fall on same level due to slip or trip,,,,,,,,,,,,
4.6.6,Fall while sitting,,,,,,,,,,,,
4.6.7,Fall on same level and catch oneself,,,,,,,,,,,,
4.6.8,Fall on same level— n.e.c.,,,,,,,,,,,,
4.6.9,"Slip, trip, stumble on same level— without fall",,,,,,,,,,,,
4.6.10,"Fall, slip, trip— n.e.c.",,,,,,,,,,,,
5.0.0,"EXPOSURE TO HARMFUL SUBSTANCES, ENVIRONMENTS",,,,,,,,,,,,
5.0.1,"Exposure to harmful substances, environments— unspecified",,,,,,,,,,,,
5.1.0,Exposure to electricity,,,,,,,,,,,,
5.1.1,Exposure to electricity— unspecified,,,,,,,,,,,,
5.2.0,Direct exposure to electricity,,,,,,,,,,,,
5.2.1,Direct exposure to electricity— unspecified,,,,,,,,,,,,
5.2.2,Direct exposure to electricity— 220 volts or less,,,,,,,,,,,,
5.2.3,Direct exposure to electricity— greater than 220 volts,,,,,,,,,,,,
5.3.0,Indirect exposure to electricity,,,,,,,,,,,,
5.3.1,Indirect exposure to electricity— unspecified,,,,,,,,,,,,
5.3.2,Indirect exposure to electricity— 220 volts or less,,,,,,,,,,,,
5.3.3,Indirect exposure to electricity— greater than 220 volts,,,,,,,,,,,,
5.3.4,Exposure to electric arc,,,,,,,,,,,,
5.4.0,Exposure to radiation and noise,,,,,,,,,,,,
5.4.1,Exposure to radiation and noise— unspecified,,,,,,,,,,,,
5.5.0,Exposure to particle radiation,,,,,,,,,,,,
5.5.1,Exposure to particle radiation— duration unspecified,,,,,,,,,,,,
5.5.2,Exposure to particle radiation— single episode or single shift,,,,,,,,,,,,
5.5.3,Exposure to particle radiation— repeated or prolonged,,,,,,,,,,,,
5.6.0,"Exposure to light, other radiation",,,,,,,,,,,,
5.6.1,"Exposure to light, other radiation— duration unspecified",,,,,,,,,,,,
5.6.2,"Exposure to light, other radiation— single episode or single shift",,,,,,,,,,,,
5.6.3,"Exposure to light, other radiation— repeated or prolonged",,,,,,,,,,,,
5.7.0,Exposure to noise,,,,,,,,,,,,
5.7.1,Exposure to noise— duration unspecified,,,,,,,,,,,,
5.7.2,Exposure to noise— single episode or single shift,,,,,,,,,,,,
5.7.3,Exposure to noise— repeated or prolonged,,,,,,,,,,,,
5.8.0,Exposure to temperature extremes,,,,,,,,,,,,
5.8.1,Exposure to temperature extremes— unspecified,,,,,,,,,,,,
5.9.0,Exposure to environmental heat,,,,,,,,,,,,
5.9.1,Exposure to environmental heat— unspecified,,,,,,,,,,,,
5.9.2,Exposure to environmental heat— indoor,,,,,,,,,,,,
5.9.3,Exposure to environmental heat— outdoor,,,,,,,,,,,,
5.10.0,Exposure to environmental cold,,,,,,,,,,,,
5.10.1,Exposure to environmental cold— unspecified,,,,,,,,,,,,
5.10.2,Exposure to environmental cold— indoor,,,,,,,,,,,,
5.10.3,Exposure to environmental cold— outdoor,,,,,,,,,,,,
5.10.4,Contact with hot objects or substances,,,,,,,,,,,,
5.10.5,Contact with cold objects or substances,,,,,,,,,,,,
5.11.0,Exposure to air and water pressure change,,,,,,,,,,,,
5.11.1,Exposure to air and water pressure change— unspecified,,,,,,,,,,,,
5.11.2,Exposure to change in water pressure,,,,,,,,,,,,
5.11.3,Exposure to change in air pressure ,,,,,,,,,,,,
5.12.0,Exposure to harmful substances,,,,,,,,,,,,
5.12.1,Exposure to harmful substances— unspecified,,,,,,,,,,,,
5.12.2,"Drug, alcohol overdose",,,,,,,,,,,,
5.12.3,Reaction to prescribed medication or vaccines,,,,,,,,,,,,
5.13.0,Inhalation of harmful substance ,,,,,,,,,,,,
5.13.1,Inhalation of harmful substance— unspecified,,,,,,,,,,,,
5.13.2,Inhalation of harmful substance— single episode or single shift,,,,,,,,,,,,
5.13.3,Inhalation of harmful substance— repeated or prolonged,,,,,,,,,,,,
5.13.4,Ingestion of harmful substance,,,,,,,,,,,,
5.14.0,Exposure to harmful substance through exposed tissue,,,,,,,,,,,,
5.14.1,Exposure to harmful substance through exposed tissue— unspecified,,,,,,,,,,,,
5.14.2,Unintentional needlestick or sharps injury,,,,,,,,,,,,
5.14.3,Exposure through wound or broken skin,,,,,,,,,,,,
5.14.4,Exposure through intact tissue,,,,,,,,,,,,
5.14.5,Multiple types of exposure through exposed tissue,,,,,,,,,,,,
5.14.6,Exposure to harmful substance through exposed tissue— n.e.c.,,,,,,,,,,,,
5.14.7,Exposure to harmful substance—multiple routes of exposure,,,,,,,,,,,,
5.14.8,Exposure to other harmful substances— n.e.c.,,,,,,,,,,,,
5.15.0,Exposure to oxygen deficiency ,,,,,,,,,,,,
5.15.1,Exposure to oxygen deficiency— unspecified,,,,,,,,,,,,
5.15.2,"Drowning, submersion without other event",,,,,,,,,,,,
5.15.3,Choking on object or substance,,,,,,,,,,,,
5.15.4,Oxygen displacement,,,,,,,,,,,,
5.15.5,Exposure to oxygen deficiency— n.e.c.,,,,,,,,,,,,
5.16.0,Exposure to stressful environment without other event,,,,,,,,,,,,
5.16.1,Exposure to stressful environment without other event— duration unspecified,,,,,,,,,,,,
5.16.2,Exposure to stressful environment— prolonged,,,,,,,,,,,,
5.16.3,Exposure to stressful environment— single episode,,,,,,,,,,,,
5.16.4,Exposure to harmful substances or environments— n.e.c.,,,,,,,,,,,,
6.0.0,CONTACT INCIDENTS,,,,,,,,,,,,
6.0.1,Contact incidents— unspecified,,,,,,,,,,,,
6.1.0,"Contact with other person, nonviolent or intent unknown",,,,,,,,,,,,
6.1.1,"Contact with other person, nonviolent or intent unknown—  unspecified",,,,,,,,,,,,
6.1.2,"Contact with other person, equipment during sports or physical training",,,,,,,,,,,,
6.1.3,Contact with other person while providing medical or custodial care,,,,,,,,,,,,
6.1.4,"Contact with other person, nonviolent or intent unknown— n.e.c.",,,,,,,,,,,,
6.2.0,Contact with animals,,,,,,,,,,,,
6.2.1,Contact with animals— unspecified,,,,,,,,,,,,
6.3.0,Bitten or stung by animal,,,,,,,,,,,,
6.3.1,Bitten or stung by animal— unspecified,,,,,,,,,,,,
6.3.2,"Bite or sting— insects, ""bugs""",,,,,,,,,,,,
6.3.3,"Venomous animal bite— except ""bugs""",,,,,,,,,,,,
6.3.4,"Non-venomous animal bites— except ""bugs""",,,,,,,,,,,,
6.4.0,Struck by animal ,,,,,,,,,,,,
6.4.1,Struck by animal— unspecified,,,,,,,,,,,,
6.4.2,"Gored, rammed by animal",,,,,,,,,,,,
6.4.3,"Stepped on, kicked, trampled by animal ",,,,,,,,,,,,
6.4.4,"Mauled, clawed, scratched by animal ",,,,,,,,,,,,
6.4.5,Struck by animal— n.e.c. ,,,,,,,,,,,,
6.4.6,Multiple types of contact with animals,,,,,,,,,,,,
6.4.7,Contact with animals— n.e.c.,,,,,,,,,,,,
6.5.0,"Collapse, engulfment",,,,,,,,,,,,
6.5.1,"Collapse, engulfment— unspecified",,,,,,,,,,,,
6.5.2,"Collapse, engulfment— closed mine or tunnel",,,,,,,,,,,,
6.5.3,"Collapse, engulfment— open trench or excavation",,,,,,,,,,,,
6.5.4,"Collapse, engulfment— loose materials or liquids",,,,,,,,,,,,
6.5.5,"Collapse, engulfment— building or structure",,,,,,,,,,,,
6.5.6,"Collapse, engulfment— n.e.c.",,,,,,,,,,,,
6.6.0,"Struck by propelled, falling, or suspended object",,,,,,,,,,,,
6.6.1,"Struck by propelled, falling, or suspended object— unspecified",,,,,,,,,,,,
6.6.2,Gun discharge— accidental or intent unknown,,,,,,,,,,,,
6.7.0,Struck by propelled object or substance,,,,,,,,,,,,
6.7.1,Struck by propelled object or substance— unspecified,,,,,,,,,,,,
6.7.2,Struck by discharged object or substance ,,,,,,,,,,,,
6.7.3,Struck by dislodged or detached object(s),,,,,,,,,,,,
6.7.4,Struck by other propelled object or substance— n.e.c.,,,,,,,,,,,,
6.8.0,Struck by falling object ,,,,,,,,,,,,
6.8.1,Struck by falling object— unspecified,,,,,,,,,,,,
6.8.2,Struck by object dropped by person,,,,,,,,,,,,
6.8.3,Struck by object tipping over,,,,,,,,,,,,
6.8.4,"Struck by falling part of vehicle or machine, still attached",,,,,,,,,,,,
6.8.5,Struck by other falling object— n.e.c.,,,,,,,,,,,,
6.9.0,Struck by suspended or swinging object,,,,,,,,,,,,
6.9.1,Struck by suspended or swinging objects— unspecified,,,,,,,,,,,,
6.9.2,"Struck by door, gate, window",,,,,,,,,,,,
6.9.3,Struck by suspended or swinging objects— n.e.c.,,,,,,,,,,,,
6.9.4,"Struck by propelled, falling, or suspended object— n.e.c.",,,,,,,,,,,,
6.10.0,"Struck, caught, or compressed by running powered equipment",,,,,,,,,,,,
6.10.1,Struck by running powered equipment— unspecified,,,,,,,,,,,,
6.10.2,"Struck by running powered equipment— irregular movement, kick back",,,,,,,,,,,,
6.10.3,"Struck by running powered equipment— during maintenance, cleaning, testing",,,,,,,,,,,,
6.10.4,"Caught, entangled in running powered equipment— normal operation",,,,,,,,,,,,
6.10.5,Compressed between running equipment and other object(s),,,,,,,,,,,,
6.10.6,Struck by rolling powered vehicle or machinery,,,,,,,,,,,,
6.10.7,"Jarred, vibrated by running powered equipment",,,,,,,,,,,,
6.10.8,Struck by running powered equipment— n.e.c.,,,,,,,,,,,,
6.11.0,Contact with non-running objects or equipment ,,,,,,,,,,,,
6.11.1,Contact with non-running objects or equipment— unspecified ,,,,,,,,,,,,
6.12.0,Injured by object handled by person,,,,,,,,,,,,
6.12.1,Injured by object handled by person— unspecified,,,,,,,,,,,,
6.12.2,Injured by object held or wielded by person,,,,,,,,,,,,
6.12.3,Injured by object pushed or pulled by person,,,,,,,,,,,,
6.12.4,Injured by object handled by person— n.e.c.,,,,,,,,,,,,
6.12.5,Entangled in non-running object,,,,,,,,,,,,
6.12.6,"Struck by rolling, sliding, or shifting objects—non-running",,,,,,,,,,,,
6.12.7,Caught or wedged between objects— nonrunning,,,,,,,,,,,,
6.13.0,Struck against stationary object,,,,,,,,,,,,
6.13.1,Struck against stationary object— unspecified,,,,,,,,,,,,
6.13.2,Stepped or knelt on object,,,,,,,,,,,,
6.13.3,Walked or ran into stationary object,,,,,,,,,,,,
6.13.4,"Struck against stationary object while rising, lowering",,,,,,,,,,,,
6.13.5,Struck against stationary object— n.e.c.,,,,,,,,,,,,
6.13.6,Rubbed or abraded by non-running object,,,,,,,,,,,,
6.13.7,Other contact with non-running objects or equipment— n.e.c.,,,,,,,,,,,,
6.13.8,Contact— n.e.c.,,,,,,,,,,,,
7.0.0,"OVEREXERTION, REPETITIVE MOTION, AND BODILY CONDITIONS",,,,,,,,,,,,
7.0.1,"Overexertion, repetitive motion and bodily condition— unspecified",,,,,,,,,,,,
7.1.0,Overexertion while moving or manipulating external object(s),,,,,,,,,,,,
7.1.1,Overexertion while moving or manipulating external object(s)— unspecified,,,,,,,,,,,,
7.1.2,Overexertion while providing medical or custodial care,,,,,,,,,,,,
7.1.3,"Overexertion while wielding, manipulating tools, object(s)",,,,,,,,,,,,
7.1.4,Overexertion while catching or throwing object(s),,,,,,,,,,,,
7.1.5,Overexertion while materials moving by hand,,,,,,,,,,,,
7.1.6,Multiple types of overexertion while moving or manipulating external object(s),,,,,,,,,,,,
7.1.7,Overexertion while moving or manipulating external object(s)— n.e.c.,,,,,,,,,,,,
7.2.0,Repetitive microtasks,,,,,,,,,,,,
7.2.1,Repetitive microtasks— unspecified,,,,,,,,,,,,
7.2.2,"Repetitive microtasks involving computers, electronics",,,,,,,,,,,,
7.2.3,"Repetitive use of tools, instruments",,,,,,,,,,,,
7.2.4,Multiple types of repetitive microtasks,,,,,,,,,,,,
7.2.5,Repetitive microtasks— n.e.c.,,,,,,,,,,,,
7.3.0,Bodily position and motion,,,,,,,,,,,,
7.3.1,Bodily position and motion— unspecified,,,,,,,,,,,,
7.3.2,Climbing or stepping— up or down,,,,,,,,,,,,
7.3.3,"Kneeling, crawling ",,,,,,,,,,,,
7.3.4,"Twisting, reaching, bending",,,,,,,,,,,,
7.3.5,"Standing up, sitting down, laying down",,,,,,,,,,,,
7.3.6,"Running, without other incident",,,,,,,,,,,,
7.3.7,"Walking, without other incident",,,,,,,,,,,,
7.3.8,Sustained bodily position,,,,,,,,,,,,
7.3.9,Multiple types of bodily position and motion,,,,,,,,,,,,
7.3.10,Bodily position and motion—  n.e.c.,,,,,,,,,,,,
9.0.0,NONCLASSIFIABLE,,,,,,,,,,,,
9.0.1,Bodily conditions,,,,,,,,,,,,
9.0.2,"Multiple types of overexertions, bodily motion and position",,,,,,,,,,,,
9.0.3,Event or exposure— unspecified,,,,,,,,,,,,
,,,,,,,,,,,,,
,,,,,,,,,,,,,
,,,,,,,,,,,,,
,,,,,,,,,,,,,
,,,,,,,,,,,,,
,,,,,,,,,,,,,
,,,,,,,,,,,,,
,,,,,,,,,,,,,
,,,,,,,,,,,,,
,,,,,,,,,,,,,
,,,,,,,,,,,,,
,,,,,,,,,,,,,
,,,,,,,,,,,,,
,,,,,,,,,,,,,
,,,,,,,,,,,,,
,,,,,,,,,,,,,
,,,,,,,,,,,,,
,,,,,,,,,,,,,
,,,,,,,,,,,,,
,,,,,,,,,,,,,
,,,,,,,,,,,,,
,,,,,,,,,,,,,
,,,,,,,,,,,,,
,,,,,,,,,,,,,
,,,,,,,,,,,,,
,,,,,,,,,,,,,
,,,,,,,,,,,,,
,,,,,,,,,,,,,
,,,,,,,,,,,,,
,,,,,,,,,,,,,
,,,,,,,,,,,,,
,,,,,,,,,,,,,
,,,,,,,,,,,,,
,,,,,,,,,,,,,
,,,,,,,,,,,,,
,,,,,,,,,,,,,
,,,,,,,,,,,,,
,,,,,,,,,,,,,
,,,,,,,,,,,,,
,,,,,,,,,,,,,
,,,,,,,,,,,,,
,,,,,,,,,,,,,
,,,,,,,,,,,,,
,,,,,,,,,,,,,
,,,,,,,,,,,,,
,,,,,,,,,,,,,
,,,,,,,,,,,,,
,,,,,,,,,,,,,
,,,,,,,,,,,,,
,,,,,,,,,,,,,
,,,,,,,,,,,,,
,,,,,,,,,,,,,
,,,,,,,,,,,,,
,,,,,,,,,,,,,
,,,,,,,,,,,,,
,,,,,,,,,,,,,
,,,,,,,,,,,,,
,,,,,,,,,,,,,
,,,,,,,,,,,,,
,,,,,,,,,,,,,
,,,,,,,,,,,,,
,,,,,,,,,,,,,
,,,,,,,,,,,,,
,,,,,,,,,,,,,
,,,,,,,,,,,,,
,,,,,,,,,,,,,
,,,,,,,,,,,,,
,,,,,,,,,,,,,
,,,,,,,,,,,,,
,,,,,,,,,,,,,
,,,,,,,,,,,,,
,,,,,,,,,,,,,
,,,,,,,,,,,,,
,,,,,,,,,,,,,
,,,,,,,,,,,,,
,,,,,,,,,,,,,
,,,,,,,,,,,,,
,,,,,,,,,,,,,
,,,,,,,,,,,,,
,,,,,,,,,,,,,
,,,,,,,,,,,,,
,,,,,,,,,,,,,
,,,,,,,,,,,,,
,,,,,,,,,,,,,
,,,,,,,,,,,,,
,,,,,,,,,,,,,
,,,,,,,,,,,,,
,,,,,,,,,,,,,
,,,,,,,,,,,,,
,,,,,,,,,,,,,
,,,,,,,,,,,,,
,,,,,,,,,,,,,
,,,,,,,,,,,,,
,,,,,,,,,,,,,
,,,,,,,,,,,,,
,,,,,,,,,,,,,
,,,,,,,,,,,,,
,,,,,,,,,,,,,
,,,,,,,,,,,,,
,,,,,,,,,,,,,
,,,,,,,,,,,,,
,,,,,,,,,,,,,
,,,,,,,,,,,,,
,,,,,,,,,,,,,
,,,,,,,,,,,,,
,,,,,,,,,,,,,
,,,,,,,,,,,,,
,,,,,,,,,,,,,
,,,,,,,,,,,,,
,,,,,,,,,,,,,
,,,,,,,,,,,,,
,,,,,,,,,,,,,
,,,,,,,,,,,,,
,,,,,,,,,,,,,
,,,,,,,,,,,,,
,,,,,,,,,,,,,
